Rk,Player,From,To,Yrs,G,MP,FG,FGA,3P,3PA,FT,FTA,ORB,TRB,AST,STL,BLK,TOV,PF,PTS,FG%,3P%,FT%,MP,PTS,TRB,AST
1,Kareem Abdul-Jabbar\abdulka01,1976,1989,14,1093,37492,9935,17520,1,18,4305,5842,2494,10279,3652,983,2694,2527,3224,24176,0.567,0.056,0.737,34.3,22.1,9.4,3.3
2,Tom Abernethy\abernto01,1977,1978,2,143,2695,370,753,,,192,245,218,556,199,104,32,50,240,932,0.491,,0.784,18.8,6.5,3.9,1.4
3,Gary Alcorn\alcorga01,1961,1961,1,20,174,12,40,,,7,8,,50,2,,,,47,31,0.3,,0.875,8.7,1.6,2.5,0.1
4,Lucius Allen\allenlu01,1975,1977,3,210,6881,1376,3045,,,599,775,203,712,1081,339,67,,618,3351,0.452,,0.773,32.8,16,3.4,5.1
5,Cliff Anderson\andercl01,1968,1969,2,53,383,51,137,,,59,110,,55,48,,,,76,161,0.372,,0.536,7.2,3,1,0.9
6,Kostas Antetokounmpo\antetko01,2020,2020,1,3,5,0,0,0,0,0,0,0,1,1,0,0,0,0,0,,,,1.7,0,0.3,0.3
7,Trevor Ariza\arizatr01,2008,2009,2,106,2430,329,701,66,206,161,229,136,436,181,163,32,105,202,885,0.469,0.32,0.703,22.9,8.3,4.1,1.7
8,Chucky Atkins\atkinch01,2005,2005,1,82,2903,388,910,176,455,163,203,31,197,358,73,2,151,181,1115,0.426,0.387,0.803,35.4,13.6,2.4,4.4
9,Lonzo Ball\balllo01,2018,2019,2,99,3203,388,1020,165,523,52,119,123,611,631,157,62,239,231,993,0.38,0.315,0.437,32.4,10,6.2,6.4
10,Jim Barnes\barneji01,1967,1968,2,122,2111,318,732,,,187,275,,661,74,,,,400,823,0.434,,0.68,17.3,6.7,5.4,0.6
11,Matt Barnes\barnema02,2011,2012,2,116,2460,306,666,80,245,155,205,170,572,197,74,70,131,279,847,0.459,0.327,0.756,21.2,7.3,4.9,1.7
12,Dick Barnett\barnedi01,1963,1965,3,232,7190,1463,3267,,,964,1213,,692,621,,,,631,3890,0.448,,0.795,31,16.8,3,2.7
13,Jon Barry\barryjo01,1998,1998,1,49,374,38,104,18,61,27,29,8,37,51,24,3,22,33,121,0.365,0.295,0.931,7.6,2.5,0.8,1
14,Brandon Bass\bassbr01,2016,2016,1,66,1342,174,317,0,2,125,148,104,285,74,33,55,42,125,473,0.549,0,0.845,20.3,7.2,4.3,1.1
15,Billy Ray Bates\batesbi01,1983,1983,1,4,27,2,16,0,0,1,2,1,1,0,1,0,0,1,5,0.125,,0.5,6.8,1.3,0.3,0
16,Elgin Baylor\bayloel01,1959,1972,14,846,33863,8693,20171,,,5763,7391,,11463,3650,,,,2596,23149,0.431,,0.78,40,27.4,13.5,4.3
17,Kent Bazemore\bazemke01,2014,2014,1,23,643,111,246,33,89,47,73,5,77,71,31,7,51,60,302,0.451,0.371,0.644,28,13.1,3.3,3.1
18,Ed Beach\beached01,1951,1951,1,11,,8,35,,,6,9,,25,2,,,,14,22,0.229,,0.667,,2,2.3,0.2
19,Michael Beasley\beaslmi01,2019,2019,1,26,277,75,153,3,17,28,39,13,60,25,9,10,27,42,181,0.49,0.176,0.718,10.7,7,2.3,1
20,Zelmo Beaty\beatyze01,1975,1975,1,69,1213,136,310,,,108,135,93,327,74,45,29,,130,380,0.439,,0.8,17.6,5.5,4.7,1.1
21,Benoit Benjamin\benjabe01,1993,1993,1,28,306,52,108,0,0,22,37,24,96,10,14,13,36,61,126,0.481,,0.595,10.9,4.5,3.4,0.4
22,Mario Bennett\bennema01,1998,1998,1,45,354,80,135,1,2,16,44,60,126,18,19,11,21,61,177,0.593,0.5,0.364,7.9,3.9,2.8,0.4
23,Tarik Black\blackta01,2015,2017,3,144,2390,319,588,1,2,151,243,272,741,89,56,84,109,353,790,0.543,0.5,0.621,16.6,5.5,5.1,0.6
24,Alex Blackwell\blackal01,1993,1993,1,27,109,14,42,0,3,6,8,10,23,7,4,2,5,14,34,0.333,0,0.75,4,1.3,0.9,0.3
25,Steve Blake\blakest01,2011,2014,4,204,4884,413,1077,250,653,102,127,57,476,723,147,13,278,306,1178,0.383,0.383,0.803,23.9,5.8,2.3,3.5
26,John Block\blockjo01,1967,1967,1,22,118,20,52,,,24,34,,45,5,,,,20,64,0.385,,0.706,5.4,2.9,2,0.2
27,Mike Bloom\bloommi01,1949,1949,1,24,,13,92,,,29,40,,,15,,,,22,55,0.141,,0.725,,2.3,,0.6
28,Corie Blount\blounco01,1996,1999,4,199,2915,291,566,1,10,126,217,320,790,116,77,90,154,414,709,0.514,0.1,0.581,14.6,3.6,4,0.6
29,Vander Blue\blueva01,2015,2018,2,7,119,10,35,2,12,3,7,2,10,11,4,0,9,6,25,0.286,0.167,0.429,17,3.6,1.4,1.6
30,Tony Bobbitt\bobbito01,2005,2005,1,2,12,2,5,1,2,0,0,0,3,0,0,0,0,1,5,0.4,0.5,,6,2.5,1.5,0
31,Andrew Bogut\bogutan01,2018,2018,1,24,216,17,25,0,0,2,2,26,78,15,4,13,19,40,36,0.68,,1,9,1.5,3.3,0.6
32,Isaac Bonga\bongais01,2019,2019,1,22,120,5,33,0,8,9,15,9,25,15,9,4,6,9,19,0.152,0,0.6,5.5,0.9,1.1,0.7
33,Ron Boone\boonero01,1979,1980,2,88,1689,273,609,0,0,96,111,57,156,161,71,11,160,184,642,0.448,,0.865,19.2,7.3,1.8,1.8
34,Bob Boozer\boozebo01,1966,1966,1,78,1847,365,754,,,225,289,,548,87,,,,196,955,0.484,,0.779,23.7,12.2,7,1.1
35,Carlos Boozer\boozeca01,2015,2015,1,71,1692,371,743,0,0,94,150,111,482,95,41,12,92,184,836,0.499,,0.627,23.8,11.8,6.8,1.3
36,Sam Bowie\bowiesa01,1994,1995,2,92,1781,193,439,3,15,140,172,99,419,165,25,108,134,247,529,0.44,0.2,0.814,19.4,5.8,4.6,1.8
37,Avery Bradley\bradlav01,2020,2020,1,49,1186,170,383,63,173,20,24,18,115,63,43,5,47,110,423,0.444,0.364,0.833,24.2,8.6,2.3,1.3
38,Adrian Branch\brancad01,1987,1987,1,32,219,48,96,0,2,42,54,23,53,16,16,3,24,39,138,0.5,0,0.778,6.8,4.3,1.7,0.5
39,Corey Brewer\breweco01,2017,2018,2,78,1052,131,293,13,67,52,75,34,145,77,65,16,57,112,327,0.447,0.194,0.693,13.5,4.2,1.9,1
40,Jim Brewer\breweji01,1981,1982,2,149,2073,182,372,1,8,22,59,233,545,97,82,104,85,285,387,0.489,0.125,0.373,13.9,2.6,3.7,0.7
41,Frank Brickowski\brickfr01,1987,1987,1,37,404,53,94,0,0,40,59,40,97,12,14,4,25,105,146,0.564,,0.678,10.9,3.9,2.6,0.3
42,Bill Bridges\bridgbi01,1973,1975,3,154,4610,522,1167,,,265,384,239,1375,371,65,36,,526,1309,0.447,,0.69,29.9,8.5,8.9,2.4
43,MarShon Brooks\brookma01,2014,2014,1,18,228,43,88,11,19,18,26,8,30,21,12,3,17,16,115,0.489,0.579,0.692,12.7,6.4,1.7,1.2
44,Anthony Brown\brownan02,2016,2016,1,29,599,39,126,20,70,17,20,9,70,19,14,5,15,34,115,0.31,0.286,0.85,20.7,4,2.4,0.7
45,Chucky Brown\brownch01,1992,1992,1,36,381,55,118,0,3,25,41,29,76,23,9,7,27,41,135,0.466,0,0.61,10.6,3.8,2.1,0.6
46,George Brown\brownge01,1958,1958,1,1,6,0,2,,,1,2,,1,0,,,,1,1,0,,0.5,6,1,1,0
47,Jabari Brown\brownja01,2015,2015,1,19,568,70,170,23,62,64,85,3,36,40,12,2,32,33,227,0.412,0.371,0.753,29.9,11.9,1.9,2.1
48,Kwame Brown\brownkw01,2006,2008,3,136,3619,400,733,0,2,213,433,294,848,175,82,114,213,378,1013,0.546,0,0.492,26.6,7.4,6.2,1.3
49,Roger Brown\brownro02,1973,1973,1,1,5,0,0,,,1,3,,0,0,,,,1,1,,,0.333,5,1,0,0
50,Shannon Brown\brownsh01,2009,2011,3,182,3404,548,1277,142,410,199,231,68,360,214,128,49,151,262,1437,0.429,0.346,0.861,18.7,7.9,2,1.2
51,Tierre Brown\brownti01,2005,2005,1,76,1066,124,348,26,72,59,75,21,93,155,32,1,74,59,333,0.356,0.361,0.787,14,4.4,1.2,2
52,Tony Brown\brownto01,1991,1991,1,7,27,2,3,1,1,0,0,0,4,3,0,0,4,8,5,0.667,1,,3.9,0.7,0.6,0.4
53,Kobe Bryant\bryanko01,1997,2016,20,1346,48637,11719,26200,1827,5546,8378,10011,1499,7047,6306,1944,640,4010,3353,33643,0.447,0.329,0.837,36.1,25,5.2,4.7
54,Thomas Bryant\bryanth01,2018,2018,1,15,72,8,21,1,10,5,9,3,17,6,1,2,2,6,22,0.381,0.1,0.556,4.8,1.5,1.1,0.4
55,Steve Bucknall\bucknst01,1990,1990,1,18,75,9,33,0,1,5,6,5,7,10,2,1,11,10,23,0.273,0,0.833,4.2,1.3,0.4,0.6
56,Reggie Bullock\bullore01,2019,2019,1,19,524,63,153,34,99,17,21,2,50,20,16,7,11,30,177,0.412,0.343,0.81,27.6,9.3,2.6,1.1
57,Bob Burrow\burrobo01,1958,1958,1,14,171,22,70,,,11,33,,64,6,,,,15,55,0.314,,0.333,12.2,3.9,4.6,0.4
58,Caron Butler\butleca01,2005,2005,1,77,2746,441,991,38,125,275,319,146,450,146,110,23,125,213,1195,0.445,0.304,0.862,35.7,15.5,5.8,1.9
59,Dwight Buycks\buyckdw01,2015,2015,1,6,123,18,40,7,11,9,10,2,12,14,3,0,12,3,52,0.45,0.636,0.9,20.5,8.7,2,2.3
60,Andrew Bynum\bynuman01,2006,2012,7,392,10174,1823,3221,1,9,950,1382,954,3076,461,127,628,610,997,4597,0.566,0.111,0.687,26,11.7,7.8,1.2
61,Marty Byrnes\byrnema01,1980,1980,1,32,194,25,50,0,0,13,15,9,27,13,5,1,22,32,63,0.5,,0.867,6.1,2,0.8,0.4
62,José Calderón\caldejo01,2017,2017,1,24,292,32,77,12,34,4,4,8,42,51,7,1,26,22,80,0.416,0.353,1,12.2,3.3,1.8,2.1
63,Kentavious Caldwell-Pope\caldwke01,2018,2020,3,219,6096,885,2020,397,1071,364,447,145,757,377,232,42,217,399,2531,0.438,0.371,0.814,27.8,11.6,3.5,1.7
64,Corky Calhoun\calhoco01,1975,1976,2,133,3086,292,654,,,109,145,212,577,160,111,58,,376,693,0.446,,0.752,23.2,5.2,4.3,1.2
65,Demetrius Calip\calipde01,1992,1992,1,7,58,4,18,1,5,2,3,1,5,12,1,0,5,8,11,0.222,0.2,0.667,8.3,1.6,0.7,1.7
66,Mack Calvin\calvima01,1977,1977,1,12,207,27,82,,,41,48,6,16,21,11,1,,16,95,0.329,,0.854,17.3,7.9,1.3,1.8
67,Elden Campbell\campbel01,1991,1999,9,618,15460,2469,5282,2,19,1468,2162,1207,3604,688,426,1022,758,1762,6408,0.467,0.105,0.679,25,10.4,5.8,1.1
68,Tony Campbell\campbto01,1988,1989,2,76,1029,215,446,3,24,98,122,61,157,62,48,8,88,149,531,0.482,0.125,0.803,13.5,7,2.1,0.8
69,Derrick Caracter\caracde01,2011,2011,1,41,215,32,66,0,0,17,23,19,43,7,4,10,19,47,81,0.485,,0.739,5.2,2,1,0.2
70,Don Carlson\carlsdo01,1949,1950,2,112,,310,922,,,155,225,,,246,,,,306,775,0.336,,0.689,,6.9,,2.2
71,Bob Carney\carnebo01,1955,1955,1,19,244,24,64,,,21,40,,45,16,,,,36,69,0.375,,0.525,12.8,3.6,2.4,0.8
72,Kenny Carr\carrke01,1978,1980,3,129,1939,366,768,0,0,140,224,128,517,87,58,46,214,285,872,0.477,,0.625,15,6.8,4,0.7
73,Butch Carter\cartebu01,1981,1981,1,54,672,114,247,3,10,70,95,34,65,52,23,1,50,99,301,0.462,0.3,0.737,12.4,5.6,1.2,1
74,Maurice Carter\cartema01,2004,2004,1,4,50,5,14,1,3,11,12,0,3,2,0,0,6,5,22,0.357,0.333,0.917,12.5,5.5,0.8,0.5
75,Ron Carter\cartero01,1979,1979,1,46,332,54,124,,,36,54,21,45,25,17,7,40,54,144,0.435,,0.667,7.2,3.1,1,0.5
76,Jay Carty\cartyja01,1969,1969,1,28,192,34,89,,,8,11,,58,11,,,,31,76,0.382,,0.727,6.9,2.7,2.1,0.4
77,Alex Caruso\carusal01,2018,2020,3,120,2125,237,549,75,200,130,170,49,244,254,107,36,130,191,679,0.432,0.375,0.765,17.7,5.7,2,2.1
78,Cedric Ceballos\cebalce01,1995,1997,3,144,4936,1169,2263,114,351,551,716,395,1053,239,159,47,327,294,3003,0.517,0.325,0.77,34.3,20.9,7.3,1.7
79,John Celestand\celesjo01,2000,2000,1,16,185,15,45,2,9,5,6,1,11,20,7,0,16,22,37,0.333,0.222,0.833,11.6,2.3,0.7,1.3
80,Wilt Chamberlain\chambwi01,1969,1973,5,339,14815,2360,3902,,,1265,2662,,6524,1461,,,,734,5985,0.605,,0.475,43.7,17.7,19.2,4.3
81,Jerry Chambers\chambje01,1967,1967,1,69,1015,224,496,,,68,93,,208,44,,,,143,516,0.452,,0.731,14.7,7.5,3,0.6
82,Tyson Chandler\chandty01,2019,2019,1,48,786,53,87,0,1,41,69,85,268,31,19,22,35,89,147,0.609,0,0.594,16.4,3.1,5.6,0.6
83,Don Chaney\chanedo01,1977,1978,2,90,2541,226,558,,,75,100,124,341,325,148,36,11,238,527,0.405,,0.75,28.2,5.9,3.8,3.6
84,Jim Chones\choneji01,1980,1981,2,164,4956,750,1511,0,6,251,362,323,1221,304,95,161,334,595,1751,0.496,0,0.693,30.2,10.7,7.4,1.9
85,Doug Christie\chrisdo01,1993,1994,2,88,1847,289,668,41,131,195,274,117,286,189,111,33,190,239,814,0.433,0.313,0.712,21,9.3,3.3,2.1
86,Archie Clark\clarkar01,1967,1968,2,157,4802,959,2041,,,492,673,,560,558,,,,428,2410,0.47,,0.731,30.6,15.4,3.6,3.6
87,Earl Clark\clarkea01,2013,2013,1,59,1363,170,386,35,104,53,76,82,325,65,36,44,62,102,428,0.44,0.337,0.697,23.1,7.3,5.5,1.1
88,Jordan Clarkson\clarkjo01,2015,2018,4,273,7681,1518,3432,334,1007,534,662,242,909,784,266,30,490,490,3904,0.442,0.332,0.807,28.1,14.3,3.3,2.9
89,Jim Cleamons\cleamji01,1972,1972,1,38,201,35,100,,,28,36,,39,35,,,,21,98,0.35,,0.778,5.3,2.6,1,0.9
90,Lester Conner\connele01,1995,1995,1,2,5,0,0,0,0,2,2,0,0,0,1,0,0,3,2,,,1,2.5,1,0,0
91,Brian Cook\cookbr01,2004,2008,5,259,4152,693,1503,162,413,171,217,247,816,197,103,101,162,548,1719,0.461,0.392,0.788,16,6.6,3.2,0.8
92,Quinn Cook\cookqu01,2020,2020,1,38,409,76,173,25,66,6,9,7,40,40,11,1,25,23,183,0.439,0.379,0.667,10.8,4.8,1.1,1.1
93,Duane Cooper\coopedu01,1993,1993,1,65,645,62,158,7,30,25,35,13,50,150,18,2,69,66,156,0.392,0.233,0.714,9.9,2.4,0.8,2.3
94,Joe Cooper\coopejo01,1983,1983,1,2,11,1,4,0,0,0,0,2,2,0,1,1,3,3,2,0.25,,,5.5,1,1,0
95,Michael Cooper\coopemi01,1979,1990,12,873,23635,3014,6429,428,1260,1273,1529,741,2769,3666,1033,523,1429,2329,7729,0.469,0.34,0.833,27.1,8.9,3.2,4.2
96,Mel Counts\countme01,1967,1974,6,375,7425,1508,3389,,,627,821,56,2587,546,20,23,,1121,3643,0.445,,0.764,19.8,9.7,6.9,1.5
97,Freddie Crawford\crawffr01,1968,1969,2,119,2446,370,784,,,157,274,,327,249,,,,328,897,0.472,,0.573,20.6,7.5,2.7,2.1
98,Joe Crispin\crispjo01,2002,2002,1,6,27,3,12,0,4,4,5,0,1,2,1,0,1,2,10,0.25,0,0.8,4.5,1.7,0.2,0.3
99,Javaris Crittenton\crittja01,2008,2008,1,22,171,26,53,1,3,19,28,7,21,18,7,0,22,12,72,0.491,0.333,0.679,7.8,3.3,1,0.8
100,Lloyd Daniels\daniell01,1995,1995,1,25,541,71,182,23,86,20,25,27,56,36,20,10,23,40,185,0.39,0.267,0.8,21.6,7.4,2.2,1.4
101,Troy Daniels\danietr01,2020,2020,1,41,456,62,158,40,112,10,16,12,46,14,8,3,9,30,174,0.392,0.357,0.625,11.1,4.2,1.1,0.3
102,Adrian Dantley\dantlad01,1978,1979,2,116,3760,751,1458,,,626,759,302,746,326,133,19,316,319,2128,0.515,,0.825,32.4,18.3,6.4,2.8
103,Anthony Davis\davisan02,2020,2020,1,55,1889,508,994,65,194,386,457,124,517,172,82,134,135,138,1467,0.511,0.335,0.845,34.3,26.7,9.4,3.1
104,Brad Davis\davisbr01,1978,1979,2,38,399,38,83,,,25,33,4,36,92,17,2,41,49,101,0.458,,0.758,10.5,2.7,0.9,2.4
105,Ed Davis\davised01,2015,2015,1,79,1840,282,469,0,0,92,189,230,600,94,49,98,58,202,656,0.601,,0.487,23.3,8.3,7.6,1.2
106,Luol Deng\denglu01,2017,2018,2,57,1499,165,426,51,165,46,63,63,295,75,49,20,44,61,427,0.387,0.309,0.73,26.3,7.5,5.2,1.3
107,Corky Devlin\devlico01,1958,1958,1,70,1248,170,489,,,133,172,,132,167,,,,104,473,0.348,,0.773,17.8,6.8,1.9,2.4
108,Ernie DiGregorio\digreer01,1978,1978,1,25,332,41,100,,,16,20,5,23,71,6,0,46,22,98,0.41,,0.8,13.3,3.9,0.9,2.8
109,Vlade Divac\divacvl01,1990,2005,8,535,15517,2553,5012,53,231,1372,1940,1438,4545,1375,649,834,1167,1804,6531,0.509,0.229,0.707,29,12.2,8.5,2.6
110,Larry Drew\drewla01,1990,1991,2,128,1829,224,508,46,114,63,82,17,132,335,62,5,144,132,557,0.441,0.404,0.768,14.3,4.4,1,2.6
111,Jared Dudley\dudleja01,2020,2020,1,40,311,20,50,16,34,2,2,5,43,19,12,3,6,36,58,0.4,0.471,1,7.8,1.5,1.1,0.5
112,Chris Duhon\duhonch01,2013,2013,1,46,820,47,123,33,91,6,13,11,68,133,20,1,40,56,133,0.382,0.363,0.462,17.8,2.9,1.5,2.9
113,Walter Dukes\dukeswa01,1957,1957,1,71,1866,228,626,,,264,383,,794,54,,,,273,720,0.364,,0.689,26.3,10.1,11.2,0.8
114,Jack Dwan\dwanja01,1949,1949,1,60,,121,380,,,34,69,,,129,,,,157,276,0.318,,0.493,,4.6,,2.2
115,Devin Ebanks\ebankde01,2011,2013,3,63,711,82,213,8,36,52,72,51,122,24,18,12,35,56,224,0.385,0.222,0.722,11.3,3.6,1.9,0.4
116,James Edwards\edwarja01,1978,1994,3,122,1809,345,754,0,0,218,322,85,345,92,30,38,138,301,908,0.458,,0.677,14.8,7.4,2.8,0.8
117,Johnny Egan\eganjo01,1969,1970,2,154,3432,461,1088,,,303,361,,251,431,,,,377,1225,0.424,,0.839,22.3,8,1.6,2.8
118,Ray Ellefson\ellefra01,1949,1949,1,3,,1,5,,,0,0,,,0,,,,2,2,0.2,,,,0.7,,0
119,Wayne Ellington\ellinwa01,2015,2015,1,65,1675,254,617,90,243,52,64,31,210,105,33,2,50,77,650,0.412,0.37,0.813,25.8,10,3.2,1.6
120,Boo Ellis\ellisbo01,1959,1960,2,118,1873,227,564,,,153,220,,616,86,,,,201,607,0.402,,0.695,15.9,5.1,5.2,0.7
121,Leroy Ellis\ellisle01,1963,1973,6,402,8569,1275,2970,,,699,1012,,2746,259,,,,942,3249,0.429,,0.691,21.3,8.1,6.8,0.6
122,Tyler Ennis\ennisty01,2017,2018,2,76,1075,159,368,35,110,41,51,24,121,157,49,12,59,104,394,0.432,0.318,0.804,14.1,5.2,1.6,2.1
123,Bo Erias\eriasbo01,1958,1958,1,18,401,59,170,,,30,47,,83,26,,,,52,148,0.347,,0.638,22.3,8.2,4.6,1.4
124,Keith Erickson\erickke01,1969,1973,5,309,8183,1230,2754,,,391,526,,1392,903,,,,854,2851,0.447,,0.743,26.5,9.2,4.5,2.9
125,Maurice Evans\evansma01,2007,2008,2,83,1828,243,570,49,140,134,170,97,230,86,43,15,57,136,669,0.426,0.35,0.788,22,8.1,2.8,1
126,Christian Eyenga\eyengch01,2012,2012,1,1,19,3,6,0,1,2,2,1,2,1,0,1,1,0,8,0.5,0,1,19,8,2,1
127,John Fairchild\faircjo01,1966,1966,1,30,171,23,89,,,14,20,,45,11,,,,33,60,0.258,,0.7,5.7,2,1.5,0.4
128,Jordan Farmar\farmajo01,2007,2014,5,342,6358,951,2216,364,979,226,337,117,654,843,268,41,435,461,2492,0.429,0.372,0.671,18.6,7.3,1.9,2.5
129,Ron Feiereisel\feierro01,1956,1956,1,10,59,8,28,,,14,16,,6,6,,,,9,30,0.286,,0.875,5.9,3,0.6,0.6
130,Ray Felix\felixra01,1960,1962,3,189,3684,465,1167,,,276,402,,1270,121,,,,701,1206,0.398,,0.687,19.5,6.4,6.7,0.6
131,Arnie Ferrin\ferriar01,1949,1951,3,178,,381,1147,,,275,401,,271,278,,,,509,1037,0.332,,0.686,,5.8,4,1.6
132,Hank Finkel\finkeha01,1967,1967,1,27,141,17,47,,,7,12,,64,5,,,,39,41,0.362,,0.583,5.2,1.5,2.4,0.2
133,Derek Fisher\fishede01,1997,2012,13,915,23211,2568,6382,846,2255,1241,1553,294,1892,2685,968,73,974,1793,7223,0.402,0.375,0.799,25.4,7.9,2.1,2.9
134,Ed Fleming\flemied01,1958,1960,3,170,3231,447,1215,,,371,514,,860,266,,,,416,1265,0.368,,0.722,19,7.4,5.1,1.6
135,Don Ford\forddo01,1976,1980,5,368,7685,1139,2436,0,1,340,448,435,1405,523,240,121,211,829,2618,0.468,0,0.759,20.9,7.1,3.8,1.4
136,Donnie Forman\formado01,1949,1949,1,44,,68,231,,,43,67,,,74,,,,94,179,0.294,,0.642,,4.1,,1.7
137,Greg Foster\fostegr01,2001,2001,1,62,451,56,133,3,9,10,14,29,112,32,9,12,25,76,125,0.421,0.333,0.714,7.3,2,1.8,0.5
138,Larry Foust\foustla01,1958,1960,3,191,4133,692,1753,,,708,932,,1503,199,,,,532,2092,0.395,,0.76,28.7,11,10.4,1.4
139,Rick Fox\foxri01,1998,2004,7,486,12733,1594,3657,480,1390,539,703,430,1784,1399,415,152,781,1409,4207,0.436,0.345,0.767,26.2,8.7,3.7,2.9
140,Donnie Freeman\freemdo01,1976,1976,1,64,1480,263,606,,,163,199,72,180,171,57,11,,160,689,0.434,,0.819,23.1,10.8,2.8,2.7
141,Jim Fritsche\fritsji01,1954,1954,1,2,8,0,3,,,1,4,,0,0,,,,0,1,0,,0.25,4,0.5,0,0
142,Channing Frye\fryech01,2018,2018,1,9,150,20,43,9,25,3,4,2,25,10,1,1,4,15,52,0.465,0.36,0.75,16.7,5.8,2.8,1.1
143,Earl Gardner\gardnea01,1949,1949,1,50,,38,101,,,13,28,,,19,,,,50,89,0.376,,0.464,,1.8,,0.4
144,Dick Garmaker\garmadi01,1956,1960,5,324,9172,1482,3786,,,1192,1516,,1347,821,,,,868,4156,0.391,,0.786,28.3,12.8,4.2,2.5
145,Calvin Garrett\garreca01,1984,1984,1,41,478,78,152,2,6,30,39,24,71,31,12,2,34,62,188,0.513,0.333,0.769,11.7,4.6,1.7,0.8
146,Dick Garrett\garredi01,1970,1970,1,73,2318,354,816,,,138,162,,235,180,,,,236,846,0.434,,0.852,31.8,11.6,3.2,2.5
147,Pau Gasol\gasolpa01,2008,2014,7,429,15326,2987,5723,21,80,1615,2071,1252,4240,1508,239,607,873,925,7610,0.522,0.263,0.78,35.7,17.7,9.9,3.5
148,Devean George\georgde01,2000,2006,7,429,8109,955,2435,282,829,380,529,415,1433,428,307,173,340,891,2572,0.392,0.34,0.718,18.9,6,3.3,1
149,Mel Gibson\gibsome01,1964,1964,1,9,53,6,20,,,1,2,,4,6,,,,10,13,0.3,,0.5,5.9,1.4,0.4,0.7
150,Normie Glick\glickno01,1950,1950,1,1,,1,1,,,0,0,,,0,,,,1,2,1,,,,2,,0
151,Gail Goodrich\goodrga01,1966,1976,9,687,21765,5107,11098,,,2830,3466,285,2081,2863,351,35,,1865,13044,0.46,,0.817,31.7,19,3,4.2
152,Andrew Goudelock\goudean01,2012,2013,2,41,425,68,176,28,75,11,12,6,32,20,4,0,21,32,175,0.386,0.373,0.917,10.4,4.3,0.8,0.5
153,Brian Grant\grantbr01,2005,2005,1,69,1136,103,209,0,0,57,79,101,257,34,23,23,43,175,263,0.493,,0.722,16.5,3.8,3.7,0.5
154,Bud Grant\grantbu01,1950,1951,2,96,,95,299,,,59,100,,115,90,,,,142,249,0.318,,0.59,,2.6,1.9,0.9
155,Horace Grant\grantho01,2001,2004,2,132,3496,355,793,0,4,170,223,299,778,192,75,82,77,251,880,0.448,0,0.762,26.5,6.7,5.9,1.5
156,Travis Grant\granttr01,1973,1974,2,36,159,52,120,,,24,29,0,53,7,0,0,,20,128,0.433,,0.828,4.4,3.6,1.5,0.2
157,A.C. Green\greenac01,1986,2000,9,735,21451,2825,5617,58,237,2081,2786,2089,5632,808,657,395,935,1517,7789,0.503,0.245,0.747,29.2,10.6,7.7,1.1
158,Danny Green\greenda02,2020,2020,1,61,1529,178,425,113,299,32,44,44,206,86,76,29,54,129,501,0.419,0.378,0.727,25.1,8.2,3.4,1.4
159,Devin Green\greende01,2006,2006,1,27,135,6,28,0,2,13,21,10,24,7,3,0,5,13,25,0.214,0,0.619,5,0.9,0.9,0.3
160,Jerry Grote\groteje01,1965,1965,1,11,33,6,11,,,2,2,,4,4,,,,5,14,0.545,,1,3,1.3,0.4,0.4
161,Pétur Guðmundsson\gudmupe01,1986,1986,1,8,128,20,37,0,0,18,27,17,38,3,3,4,11,25,58,0.541,,0.667,16,7.3,4.8,0.4
162,Happy Hairston\hairsha01,1970,1975,6,394,13670,2182,4524,,,1629,2074,639,4885,920,116,28,,1260,5993,0.482,,0.785,34.7,15.2,12.4,2.3
163,Jack Haley\haleyja01,1992,1992,1,49,394,31,84,0,0,14,29,31,95,7,7,8,25,75,76,0.369,,0.483,8,1.6,1.9,0.1
164,Dennis Hamilton\hamilde01,1968,1968,1,44,378,54,108,,,13,13,,72,30,,,,46,121,0.5,,1,8.6,2.8,1.6,0.7
165,Steve Hamilton\hamilst01,1959,1960,2,82,1094,138,371,,,92,132,,278,43,,,,183,368,0.372,,0.697,13.3,4.5,3.4,0.5
166,Alan Hardy\hardyal01,1981,1981,1,22,111,22,59,0,0,7,10,8,19,3,1,9,11,13,51,0.373,,0.7,5,2.3,0.9,0.1
167,Derek Harper\harpede01,1999,1999,1,45,1120,120,291,43,117,26,32,13,67,187,44,4,52,66,309,0.412,0.368,0.813,24.9,6.9,1.5,4.2
168,Ron Harper\harpero01,2000,2001,2,127,3181,339,802,52,178,134,195,142,503,383,124,64,194,234,864,0.423,0.292,0.687,25,6.8,4,3
169,Elias Harris\harriel01,2014,2014,1,2,11,0,1,0,0,0,0,1,1,1,1,0,0,0,0,0,,,5.5,0,0.5,0.5
170,Manny Harris\harrima01,2014,2014,1,9,180,28,70,7,20,10,12,7,34,11,4,1,9,10,73,0.4,0.35,0.833,20,8.1,3.8,1.2
171,Bob Harrison\harribo02,1950,1954,5,309,3974,680,1966,,,394,562,,543,730,,,,976,1754,0.346,,0.701,22.7,5.7,2.2,2.4
172,Josh Hart\hartjo01,2018,2019,2,130,3176,365,839,170,471,121,174,77,511,173,111,56,105,254,1021,0.435,0.361,0.695,24.4,7.9,3.9,1.3
173,Antonio Harvey\harvean01,1994,1995,2,86,819,106,255,1,1,36,71,65,161,28,23,60,42,126,249,0.416,1,0.507,9.5,2.9,1.9,0.3
174,Billy Hassett\hassebi01,1950,1950,1,42,,38,145,,,35,67,,,69,,,,82,111,0.262,,0.522,,2.6,,1.6
175,Connie Hawkins\hawkico01,1974,1975,2,114,3564,507,1057,,,241,323,216,720,499,156,101,,319,1255,0.48,,0.746,31.3,11,6.3,4.4
176,Tom Hawkins\hawkito01,1960,1969,6,454,10984,1713,3814,,,658,1174,,2579,518,,,,1305,4084,0.449,,0.56,24.2,9,5.7,1.1
177,Nate Hawthorne\hawthna01,1974,1974,1,33,229,38,93,,,30,48,16,32,23,9,6,,33,106,0.409,,0.625,6.9,3.2,1,0.7
178,Nigel Hayes\hayesni01,2018,2018,1,2,11,1,3,0,2,1,1,0,0,2,0,0,0,0,3,0.333,0,1,5.5,1.5,0,1
179,Spencer Haywood\haywosp01,1980,1980,1,76,1544,288,591,1,4,159,206,132,346,93,35,57,134,197,736,0.487,0.25,0.772,20.3,9.7,4.6,1.2
180,Walt Hazzard\abdulma01,1965,1967,3,225,4759,876,2015,,,357,505,,561,856,,,,559,2109,0.435,,0.707,21.2,9.4,2.5,3.8
181,Jerome Henderson\hendeje01,1986,1986,1,1,3,2,3,0,0,0,0,0,1,0,0,0,0,1,4,0.667,,,3,4,1,0
182,Xavier Henry\henryxa01,2014,2015,2,52,994,147,358,28,81,130,201,27,118,54,47,7,60,85,452,0.411,0.346,0.647,19.1,8.7,2.3,1
183,Fred Hetzel\hetzefr01,1971,1971,1,59,613,111,256,,,60,77,,149,37,,,,99,282,0.434,,0.779,10.4,4.8,2.5,0.6
184,Bill Hewitt\hewitbi01,1969,1970,2,95,1933,264,616,,,77,137,,473,104,,,,178,605,0.429,,0.562,20.3,6.4,5,1.1
185,Roy Hibbert\hibbero01,2016,2016,1,81,1878,182,411,0,2,117,145,132,398,95,32,110,76,252,481,0.443,0,0.807,23.2,5.9,4.9,1.2
186,Mike Higgins\higgimi01,1990,1990,1,6,18,0,0,0,0,1,2,1,1,1,1,2,0,4,1,,,0.5,3,0.2,0.2,0.2
187,Jordan Hill\hilljo01,2012,2015,4,178,3914,734,1483,3,14,293,418,464,1288,172,76,141,214,402,1764,0.495,0.214,0.701,22,9.9,7.2,1
188,Lew Hitch\hitchle01,1952,1956,4,200,3005,260,705,,,246,362,,801,193,,,,296,766,0.369,,0.68,15,3.8,4,1
189,Brad Holland\hollabr01,1980,1981,2,79,492,91,215,4,18,50,65,13,46,45,36,2,44,68,236,0.423,0.222,0.769,6.2,3,0.6,0.6
190,Jim Holstein\holstji01,1953,1956,4,198,3124,293,892,,,201,311,,583,211,,,,375,787,0.328,,0.646,15.8,4,2.9,1.1
191,Johnny Horan\horanjo01,1956,1956,1,12,50,4,16,,,4,5,,6,1,,,,7,12,0.25,,0.8,4.2,1,0.5,0.1
192,Ron Horn\hornro01,1963,1963,1,28,289,27,82,,,20,29,,71,10,,,,46,74,0.329,,0.69,10.3,2.6,2.5,0.4
193,Robert Horry\horryro01,1997,2003,7,448,11367,1015,2410,274,844,538,723,807,2462,986,497,446,526,1267,2842,0.421,0.325,0.744,25.4,6.3,5.5,2.2
194,Talen Horton-Tucker\hortota01,2020,2020,1,2,5,0,1,0,1,0,0,0,0,2,1,0,0,0,0,0,0,,2.5,0,0,1
195,Dwight Howard\howardw01,2013,2020,2,138,3915,658,1070,4,11,444,901,407,1402,150,111,262,298,491,1764,0.615,0.364,0.493,28.4,12.8,10.2,1.1
196,Lou Hudson\hudsolo01,1978,1979,2,160,3969,822,1628,,,247,301,144,328,334,152,31,249,329,1891,0.505,,0.821,24.8,11.8,2.1,2.1
197,Marcelo Huertas\huertma01,2016,2017,2,76,1106,122,298,20,80,36,46,20,114,234,36,9,99,92,300,0.409,0.25,0.783,14.6,3.9,1.5,3.1
198,Hot Rod Hundley\hundlho01,1958,1963,6,431,9553,1382,3978,,,861,1195,,1420,1455,,,,786,3625,0.347,,0.721,22.2,8.4,3.3,3.4
199,Lindsey Hunter\hunteli01,2002,2002,1,82,1616,187,490,79,208,20,40,18,121,129,66,19,55,120,473,0.382,0.38,0.5,19.7,5.8,1.5,1.6
200,Joe Hutton\huttojo01,1951,1952,2,120,723,112,338,,,78,113,,187,115,,,,199,302,0.331,,0.69,12.1,2.5,1.6,1
201,Didier Ilunga-Mbenga\mbengdj01,2008,2010,3,98,732,105,221,0,1,20,37,56,159,23,19,69,36,125,230,0.475,0,0.541,7.5,2.3,1.6,0.2
202,Darrall Imhoff\imhofda01,1965,1968,4,316,7930,959,2041,,,469,783,,2982,628,,,,1017,2387,0.47,,0.599,25.1,7.6,9.4,2
203,Andre Ingram\ingraan01,2018,2019,2,6,79,8,23,5,12,3,3,2,8,7,4,3,4,3,24,0.348,0.417,1,13.2,4,1.3,1.2
204,Brandon Ingram\ingrabr01,2017,2019,3,190,6014,996,2176,127,386,520,785,158,897,550,123,110,394,470,2639,0.458,0.329,0.662,31.7,13.9,4.7,2.9
205,McCoy Ingram\ingramc01,1958,1958,1,24,267,27,103,,,13,28,,116,20,,,,44,67,0.262,,0.464,11.1,2.8,4.8,0.8
206,Jim Jackson\jacksji01,2006,2006,1,13,92,9,31,4,11,0,0,0,12,4,2,0,5,5,22,0.29,0.364,,7.1,1.7,0.9,0.3
207,Tony Jackson\jacksto02,1981,1981,1,2,14,1,3,0,0,0,0,0,2,2,2,0,0,1,2,0.333,,,7,1,1,1
208,Sam Jacobson\jacobsa01,1999,2000,2,5,30,8,14,0,1,2,4,0,4,2,1,0,3,3,18,0.571,0,0.5,6,3.6,0.8,0.4
209,LeBron James\jamesle01,2019,2020,2,115,4031,1144,2271,244,708,517,761,116,938,1090,146,63,436,200,3049,0.504,0.345,0.679,35.1,26.5,8.2,9.5
210,Antawn Jamison\jamisan01,2013,2013,1,76,1636,267,575,84,233,94,136,109,362,50,30,22,53,124,712,0.464,0.361,0.691,21.5,9.4,4.8,0.7
211,Tony Jaros\jarosto01,1949,1951,3,183,,304,961,,,216,309,,131,190,,,,351,824,0.316,,0.699,,4.5,2.1,1
212,Clay Johnson\johnscl02,1982,1983,2,55,512,64,155,0,2,41,54,48,81,31,25,7,32,75,169,0.413,0,0.759,9.3,3.1,1.5,0.6
213,Magic Johnson\johnsma02,1980,1996,13,906,33245,6211,11951,325,1074,4960,5850,1601,6559,10141,1724,374,3506,2050,17707,0.52,0.303,0.848,36.7,19.5,7.2,11.2
214,Ron Johnson\johnsro01,1961,1961,1,8,43,2,13,,,2,3,,15,1,,,,4,6,0.154,,0.667,5.4,0.8,1.9,0.1
215,Trey Johnson\johnstr01,2011,2011,1,1,13,2,3,0,0,2,2,0,0,0,0,0,0,1,6,0.667,,1,13,6,0,0
216,Wesley Johnson\johnswe01,2014,2015,2,155,4485,563,1342,191,530,151,189,137,667,248,145,122,177,369,1468,0.42,0.36,0.799,28.9,9.5,4.3,1.6
217,Darius Johnson-Odom\johnsda03,2013,2013,1,4,6,0,4,0,1,0,0,1,4,1,0,0,0,0,0,0,0,,1.5,0,1,0.3
218,Howie Jolliff\jolifho01,1961,1963,3,138,1739,165,449,,,58,110,,586,112,,,,277,388,0.367,,0.527,12.6,2.8,4.2,0.8
219,Dwight Jones\jonesdw01,1983,1983,1,32,491,62,132,0,1,32,48,28,114,22,13,9,35,82,156,0.47,0,0.667,15.3,4.9,3.6,0.7
220,Earl Jones\jonesea01,1985,1985,1,2,7,0,1,0,0,0,0,0,0,0,0,0,1,0,0,0,,,3.5,0,0,0
221,Eddie Jones\jonesed02,1995,1999,5,314,10797,1734,3742,489,1294,827,1076,319,1186,951,644,214,510,769,4784,0.463,0.378,0.769,34.4,15.2,3.8,3
222,Jemerrio Jones\jonesje01,2019,2019,1,6,143,12,33,2,10,1,2,16,49,13,7,5,5,10,27,0.364,0.2,0.5,23.8,4.5,8.2,2.2
223,Jumaine Jones\jonesju01,2005,2005,1,76,1830,210,486,102,261,55,75,107,398,65,44,24,49,165,577,0.432,0.391,0.733,24.1,7.6,5.2,0.9
224,Eddie Jordan\jordaed01,1981,1984,4,156,1955,253,627,7,37,118,168,37,153,411,171,9,248,291,631,0.404,0.189,0.702,12.5,4,1,2.6
225,Reggie Jordan\jordare01,1994,1994,1,23,259,44,103,2,4,35,51,46,67,26,14,5,14,26,125,0.427,0.5,0.686,11.3,5.4,2.9,1.1
226,Johnny Jorgensen\jorgejo01,1949,1949,1,48,,41,114,,,24,33,,,33,,,,68,106,0.36,,0.727,,2.2,,0.7
227,Whitey Kachan\kachawh01,1949,1949,1,19,,16,42,,,15,22,,,12,,,,24,47,0.381,,0.682,,2.5,,0.6
228,Ed Kalafat\kalafed01,1955,1957,3,209,4358,490,1422,,,494,718,,1182,310,,,,684,1474,0.345,,0.688,20.9,7.1,5.7,1.5
229,Chris Kaman\kamanch01,2014,2014,1,39,736,176,346,0,3,52,68,54,229,58,11,40,74,93,404,0.509,0,0.765,18.9,10.4,5.9,1.5
230,Jason Kapono\kaponja01,2012,2012,1,27,269,21,55,8,27,4,4,2,14,11,3,0,6,21,54,0.382,0.296,1,10,2,0.5,0.4
231,Coby Karl\karlco01,2008,2008,1,17,71,9,26,4,13,8,10,3,14,9,4,2,5,4,30,0.346,0.308,0.8,4.2,1.8,0.8,0.5
232,Ryan Kelly\kellyry01,2014,2016,3,147,3015,316,829,98,313,226,284,76,486,207,75,79,102,304,956,0.381,0.313,0.796,20.5,6.5,3.3,1.4
233,Jerome Kersey\kerseje01,1997,1997,1,70,1766,194,449,17,65,71,118,112,363,89,119,49,74,219,476,0.432,0.262,0.602,25.2,6.8,5.2,1.3
234,Randolph Keys\keysra01,1995,1995,1,6,83,9,26,0,9,2,2,6,17,2,1,2,2,16,20,0.346,0,1,13.8,3.3,2.8,0.3
235,Earnie Killum\killuea01,1971,1971,1,4,12,0,4,,,1,1,,2,0,,,,1,1,0,,1,3,0.3,0.5,0
236,Frankie King\kingfr01,1996,1996,1,6,20,3,11,0,1,1,3,1,2,2,2,0,2,4,7,0.273,0,0.333,3.3,1.2,0.3,0.3
237,Jim King\kingji01,1964,1966,3,213,3932,506,1212,,,278,367,,531,511,,,,473,1290,0.417,,0.757,18.5,6.1,2.5,2.4
238,Joe Kleine\kleinjo01,1997,1997,1,8,30,2,8,0,0,2,2,2,9,0,0,0,0,6,6,0.25,,1,3.8,0.8,1.1,0
239,Travis Knight\knightr01,1997,2000,3,171,2091,253,523,0,1,101,157,210,576,93,58,108,110,366,607,0.484,0,0.643,12.2,3.5,3.4,0.5
240,Jim Krebs\krebsji01,1958,1964,7,515,10661,1696,4188,,,736,975,,3177,429,,,,1539,4128,0.405,,0.755,20.7,8,6.2,0.8
241,Larry Krystkowiak\krystla01,1997,1997,1,3,11,1,2,0,0,1,2,2,5,3,2,0,1,3,3,0.5,,0.5,3.7,1,1.7,1
242,Mitch Kupchak\kupchmi01,1982,1986,4,173,2644,441,876,0,2,231,335,236,672,78,47,43,177,332,1113,0.503,0,0.69,15.3,6.4,3.9,0.5
243,C.J. Kupec\kupeccj01,1976,1977,2,98,963,163,382,,,85,112,80,222,58,21,4,,120,411,0.427,,0.759,9.8,4.2,2.3,0.6
244,Kyle Kuzma\kuzmaky01,2018,2020,3,201,6042,1218,2714,357,1092,431,588,196,1107,388,111,81,358,436,3224,0.449,0.327,0.733,30.1,16,5.5,1.9
245,Bo Lamar\lamarbo01,1977,1977,1,71,1165,228,561,,,46,68,30,92,177,59,3,,73,502,0.406,,0.676,16.4,7.1,1.3,2.5
246,Jeff Lamp\lampje01,1988,1989,2,40,183,27,69,2,4,6,7,6,34,15,8,2,16,28,62,0.391,0.5,0.857,4.6,1.6,0.9,0.4
247,Mark Landsberger\landsma01,1980,1983,4,206,2950,417,895,0,3,136,262,440,1069,85,47,22,159,344,970,0.466,0,0.519,14.3,4.7,5.2,0.4
248,Stu Lantz\lantzst01,1975,1976,2,109,2283,274,650,,,225,265,109,269,234,71,13,,239,773,0.422,,0.849,20.9,7.1,2.5,2.1
249,Rudy LaRusso\larusru01,1960,1967,8,582,18886,2947,6783,,,2337,3088,,5571,1215,,,,1948,8231,0.434,,0.757,32.5,14.1,9.6,2.1
250,Butch Lee\leebu01,1980,1980,1,11,31,4,13,0,0,6,7,4,8,9,1,0,7,2,14,0.308,,0.857,2.8,1.3,0.7,0.8
251,Slick Leonard\leonasl01,1957,1961,5,324,8289,1067,3137,,,718,962,,950,906,,,,645,2852,0.34,,0.746,25.6,8.8,2.9,2.8
252,Ronnie Lester\lestero01,1985,1986,2,59,500,60,134,0,4,36,50,4,36,134,24,6,74,52,156,0.448,0,0.72,8.5,2.6,0.6,2.3
253,Jeremy Lin\linje01,2015,2015,1,74,1907,277,654,65,176,213,268,26,196,339,82,32,166,189,832,0.424,0.369,0.795,25.8,11.2,2.6,4.6
254,Brook Lopez\lopezbr01,2018,2018,1,74,1735,369,793,112,325,111,158,74,294,126,30,98,98,195,961,0.465,0.345,0.703,23.4,13,4,1.7
255,Stan Love\lovest01,1974,1975,2,81,1129,204,472,,,96,130,85,267,74,44,33,,201,504,0.432,,0.738,13.9,6.2,3.3,0.9
256,Clyde Lovellette\lovelcl01,1954,1957,4,282,8626,1924,4470,,,1011,1430,,3145,454,,,,968,4859,0.43,,0.707,30.6,17.2,11.2,1.6
257,Maurice Lucas\lucasma01,1986,1986,1,77,1750,302,653,1,2,180,230,164,566,84,45,24,121,253,785,0.462,0.5,0.783,22.7,10.2,7.4,1.1
258,Tyronn Lue\luety01,1999,2001,3,61,802,97,221,22,58,37,53,9,50,87,27,0,47,99,253,0.439,0.379,0.698,13.1,4.1,0.8,1.4
259,George Lynch\lynchge01,1994,1996,3,203,3727,546,1140,7,39,214,332,377,803,209,200,47,200,369,1313,0.479,0.179,0.645,18.4,6.5,4,1
260,Mike Lynn\lynnmi01,1970,1970,1,44,403,44,133,,,31,48,,64,30,,,,87,119,0.331,,0.646,9.2,2.7,1.5,0.7
261,Scott Machado\machasc01,2019,2019,1,4,19,4,6,1,1,1,1,0,0,3,1,0,0,2,10,0.667,1,1,4.8,2.5,0,0.8
262,Ollie Mack\mackol01,1980,1980,1,27,155,21,50,0,1,9,18,7,22,20,4,0,9,16,51,0.42,0,0.5,5.7,1.9,0.8,0.7
263,Mark Madsen\madsema01,2001,2003,3,183,2072,190,422,1,3,97,152,249,473,106,39,40,76,331,478,0.45,0.333,0.638,11.3,2.6,2.6,0.6
264,Karl Malone\malonka01,2004,2004,1,42,1373,193,400,0,1,168,225,61,367,163,50,20,103,116,554,0.483,0,0.747,32.7,13.2,8.7,3.9
265,Nick Mantis\mantini01,1960,1960,1,10,71,10,39,,,1,2,,6,9,,,,8,21,0.256,,0.5,7.1,2.1,0.6,0.9
266,Kendall Marshall\marshke01,2014,2014,1,54,1564,170,419,71,178,19,36,15,155,477,48,4,150,76,430,0.406,0.399,0.528,29,8,2.9,8.8
267,Slater Martin\martisl01,1950,1956,7,484,13130,1743,4631,,,1327,1744,,1346,2007,,,,1454,4813,0.376,,0.761,37.6,9.9,3.2,4.1
268,Wes Matthews\matthwe01,1987,1988,2,101,1238,203,435,8,33,83,101,29,113,238,48,7,120,118,497,0.467,0.242,0.822,12.3,4.9,1.1,2.4
269,Bob McAdoo\mcadobo01,1982,1985,4,224,4475,1079,2186,0,12,543,715,282,990,212,122,179,341,614,2701,0.494,0,0.759,20,12.1,4.4,0.9
270,Mel McCants\mccanme01,1990,1990,1,13,65,8,26,0,0,6,8,1,6,2,3,1,1,11,22,0.308,,0.75,5,1.7,0.5,0.2
271,Willie McCarter\mccarwi01,1970,1971,2,116,2230,379,941,,,89,137,,205,219,,,,223,847,0.403,,0.65,19.2,7.3,1.8,1.9
272,George McCloud\mccloge01,1997,1997,1,23,286,34,96,21,49,6,9,7,36,17,9,0,9,20,95,0.354,0.429,0.667,12.4,4.1,1.6,0.7
273,Jelani McCoy\mccoyje01,2002,2002,1,21,104,12,21,0,0,2,8,8,25,7,0,5,8,14,26,0.571,,0.25,5,1.2,1.2,0.3
274,Jim McDaniels\mcdanji01,1976,1976,1,35,242,41,102,,,9,9,26,74,15,4,10,,40,91,0.402,,1,6.9,2.6,2.1,0.4
275,JaVale McGee\mcgeeja01,2019,2020,2,136,2694,581,924,4,18,145,227,306,920,86,78,240,155,353,1311,0.629,0.222,0.639,19.8,9.6,6.8,0.6
276,Mike McGee\mcgeemi01,1982,1986,5,302,4541,1077,2075,66,198,245,413,332,600,277,170,28,323,563,2465,0.519,0.333,0.593,15,8.2,2,0.9
277,Bill McGill\mcgilbi01,1965,1965,1,8,37,7,20,,,1,1,,12,3,,,,6,15,0.35,,1,4.6,1.9,1.5,0.4
278,Kevin McKenna\mckenke01,1982,1982,1,36,237,28,87,0,2,11,17,18,29,14,10,2,20,45,67,0.322,0,0.647,6.6,1.9,0.8,0.4
279,Aaron McKie\mckieaa01,2006,2007,2,24,252,14,29,0,2,1,2,4,38,24,9,0,10,21,29,0.483,0,0.5,10.5,1.2,1.6,1
280,Jim McMillian\mcmilji01,1971,1973,3,242,7750,1586,3391,,,542,671,,1299,563,,,,507,3714,0.468,,0.808,32,15.3,5.4,2.3
281,Mark McNamara\mcnamma01,1989,1990,2,72,508,70,150,0,0,75,118,60,163,13,6,4,45,82,215,0.467,,0.636,7.1,3,2.3,0.2
282,Bob McNeill\mcneibo01,1962,1962,1,29,229,22,60,,,8,12,,23,40,,,,25,52,0.367,,0.667,7.9,1.8,0.8,1.4
283,Josh McRoberts\mcrobjo01,2012,2012,1,50,718,56,118,3,7,23,36,61,171,51,15,18,31,74,138,0.475,0.429,0.639,14.4,2.8,3.4,1
284,Stanislav Medvedenko\medvest01,2001,2006,6,249,3259,578,1282,1,11,191,261,331,730,134,88,40,154,502,1348,0.451,0.091,0.732,13.1,5.4,2.9,0.5
285,Jodie Meeks\meeksjo01,2013,2014,2,155,4219,618,1422,284,746,307,354,67,365,207,169,9,163,222,1827,0.435,0.381,0.867,27.2,11.8,2.4,1.3
286,Cliff Meely\meelycl01,1976,1976,1,20,139,20,51,,,24,32,10,45,9,5,4,,30,64,0.392,,0.75,7,3.2,2.3,0.5
287,Chuck Mencel\mencech01,1956,1957,2,141,2821,363,1063,,,257,336,,347,333,,,,169,983,0.341,,0.765,20,7,2.5,2.4
288,Chris Mihm\mihmch01,2005,2009,4,175,3794,557,1146,0,2,343,493,377,986,134,35,201,220,516,1457,0.486,0,0.696,21.7,8.3,5.6,0.8
289,George Mikan\mikange01,1949,1956,7,439,8350,3544,8783,,,3068,3924,,4167,1245,,,,1862,10156,0.404,,0.782,34.4,23.1,13.4,2.8
290,Vern Mikkelsen\mikkeve01,1950,1959,10,699,18443,3547,8812,,,2969,3874,,5940,1515,,,,2812,10063,0.403,,0.766,32.5,14.4,9.4,2.2
291,Anthony Miller\millean01,1995,1996,2,73,650,85,167,2,7,53,86,78,177,39,24,8,46,96,225,0.509,0.286,0.616,8.9,3.1,2.4,0.5
292,Steve Mix\mixst01,1983,1983,1,1,17,4,10,0,0,1,1,1,1,2,0,0,0,1,9,0.4,,1,17,9,1,2
293,Darius Morris\morrida01,2012,2013,2,67,852,91,230,28,75,30,46,26,73,97,23,2,64,74,240,0.396,0.373,0.652,12.7,3.6,1.1,1.4
294,Markieff Morris\morrima02,2020,2020,1,8,118,14,36,6,21,4,4,10,26,5,2,4,5,16,38,0.389,0.286,1,14.8,4.8,3.3,0.6
295,Adam Morrison\morriad01,2009,2010,2,39,285,36,97,6,25,6,10,12,40,21,3,2,13,21,84,0.371,0.24,0.6,7.3,2.2,1,0.5
296,Timofey Mozgov\mozgoti01,2017,2017,1,54,1104,169,328,0,1,63,78,104,264,43,16,31,72,133,401,0.515,0,0.808,20.4,7.4,4.9,0.8
297,Erwin Mueller\mueller01,1968,1968,1,39,973,132,254,,,61,103,,222,78,,,,86,325,0.52,,0.592,24.9,8.3,5.7,2
298,Allen Murphy\murphal01,1977,1977,1,2,18,1,5,,,3,7,3,4,0,0,0,,5,5,0.2,,0.429,9,2.5,2,0
299,Troy Murphy\murphtr01,2012,2012,1,59,956,77,171,28,67,6,9,40,191,51,15,16,26,98,188,0.45,0.418,0.667,16.2,3.2,3.2,0.9
300,Tracy Murray\murratr01,2003,2003,1,31,193,23,71,8,38,7,9,5,23,12,5,3,14,22,61,0.324,0.211,0.778,6.2,2,0.7,0.4
301,Mike Muscala\muscami01,2019,2019,1,17,265,36,83,21,57,7,8,6,44,14,4,11,5,18,100,0.434,0.368,0.875,15.6,5.9,2.6,0.8
302,Sviatoslav Mykhailiuk\mykhasv01,2019,2019,1,39,420,44,132,27,85,12,20,8,34,33,13,1,20,25,127,0.333,0.318,0.6,10.8,3.3,0.9,0.8
303,Larry Nance\nancela02,2016,2018,3,168,3630,500,914,12,50,146,214,329,965,197,195,82,138,386,1158,0.547,0.24,0.682,21.6,6.9,5.7,1.2
304,Cotton Nash\nashco01,1965,1965,1,25,167,14,57,,,25,32,,35,10,,,,30,53,0.246,,0.781,6.7,2.1,1.4,0.4
305,Steve Nash\nashst01,2013,2014,2,65,1940,272,569,65,154,129,140,30,171,419,37,7,157,88,738,0.478,0.422,0.921,29.8,11.4,2.6,6.4
306,Swen Nater\natersw01,1984,1984,1,69,829,124,253,0,1,63,91,81,264,27,25,7,68,150,311,0.49,0,0.692,12,4.5,3.8,0.4
307,Don Nelson\nelsodo01,1964,1965,2,119,1644,171,408,,,169,227,,396,100,,,,221,511,0.419,,0.744,13.8,4.3,3.3,0.8
308,Johnny Neumann\neumajo01,1977,1977,1,59,888,146,363,,,54,81,19,63,137,28,8,,127,346,0.402,,0.667,15.1,5.9,1.1,2.3
309,Chuck Nevitt\nevitch01,1985,1986,2,15,84,8,28,0,0,6,14,8,27,5,2,17,15,26,22,0.286,,0.429,5.6,1.5,1.8,0.3
310,Ira Newble\newblir01,2008,2008,1,6,31,3,9,1,2,0,0,6,11,3,1,1,3,5,7,0.333,0.5,,5.2,1.2,1.8,0.5
311,Norm Nixon\nixonno01,1978,1983,6,485,17847,3480,6963,6,45,972,1262,304,1312,3846,868,60,1530,1416,7938,0.5,0.133,0.77,36.8,16.4,2.7,7.9
312,Zach Norvell\norveza01,2020,2020,1,2,5,0,1,0,0,0,0,0,1,0,0,0,0,0,0,0,,,2.5,0,0.5,0
313,David Nwaba\nwabada01,2017,2017,1,20,397,47,81,1,5,25,39,17,63,14,13,7,11,36,120,0.58,0.2,0.641,19.9,6,3.2,0.7
314,Shaquille O'Neal\onealsh01,1997,2004,8,514,19329,5462,9498,0,9,2971,5572,1957,6090,1593,317,1278,1446,1692,13895,0.575,0,0.533,37.6,27,11.8,3.1
315,Kevin O'Shea\osheake01,1951,1951,1,63,,87,267,,,97,134,,125,100,,,,99,271,0.326,,0.724,,4.3,2,1.6
316,Lamar Odom\odomla01,2005,2011,7,519,18204,2708,5510,360,1090,1316,1927,1149,4906,1944,444,451,1120,1533,7092,0.491,0.33,0.683,35.1,13.7,9.5,3.7
317,Jawann Oldham\oldhaja01,1990,1990,1,3,9,2,3,0,0,1,2,0,1,1,0,0,1,3,5,0.667,,0.5,3,1.7,0.3,0.3
318,Keith Owens\owenske01,1992,1992,1,20,80,9,32,0,0,8,10,8,15,3,5,4,2,11,26,0.281,,0.8,4,1.3,0.8,0.2
319,Jannero Pargo\pargoja01,2003,2004,2,47,405,43,109,9,28,4,4,9,43,50,15,2,35,50,99,0.394,0.321,1,8.6,2.1,0.9,1.1
320,Smush Parker\parkesm01,2006,2007,2,164,5230,690,1564,230,629,238,355,82,477,530,259,26,300,424,1848,0.441,0.366,0.67,31.9,11.3,2.9,3.2
321,Myles Patrick\patrimy01,1981,1981,1,3,9,2,5,0,0,1,2,1,2,1,0,0,1,3,5,0.4,,0.5,3,1.7,0.7,0.3
322,Ruben Patterson\patteru01,1999,1999,1,24,144,21,51,1,6,22,31,17,30,2,5,3,12,16,65,0.412,0.167,0.71,6,2.7,1.3,0.1
323,Jim Paxson\paxsoji01,1957,1957,1,71,1274,138,485,,,170,236,,266,86,,,,163,446,0.285,,0.72,17.9,6.3,3.7,1.2
324,Gary Payton\paytoga02,2018,2018,1,11,115,17,41,4,13,1,6,9,27,12,4,2,4,13,39,0.415,0.308,0.167,10.5,3.5,2.5,1.1
325,Gary Payton\paytoga01,2004,2004,1,82,2825,482,1024,55,165,180,252,72,342,449,96,19,151,169,1199,0.471,0.333,0.714,34.5,14.6,4.2,5.5
326,Anthony Peeler\peelean01,1993,1996,4,253,5746,1030,2304,249,651,382,491,219,593,500,214,45,320,568,2691,0.447,0.382,0.778,22.7,10.6,2.3,2
327,Mike Penberthy\penbemi01,2001,2002,2,56,863,93,224,55,139,31,35,10,65,73,24,2,34,57,272,0.415,0.396,0.886,15.4,4.9,1.2,1.3
328,Sam Perkins\perkisa01,1991,1993,3,185,6425,971,2074,38,162,717,873,470,1473,377,168,191,262,578,2697,0.468,0.235,0.821,34.7,14.6,8,2
329,John Pilch\pilchjo01,1952,1952,1,9,41,1,10,,,3,6,,9,2,,,,10,5,0.1,,0.5,4.6,0.6,1,0.2
330,Jim Pollard\pollaji01,1949,1955,7,438,9391,2299,6379,,,1164,1552,,2487,1417,,,,1145,5762,0.36,,0.75,35.4,13.2,7.8,3.2
331,Josh Powell\poweljo01,2009,2010,2,123,1284,177,433,7,16,58,81,115,292,62,18,23,84,169,419,0.409,0.438,0.716,10.4,3.4,2.4,0.5
332,Jim Price\priceji01,1973,1979,4,225,5002,942,2067,,,343,431,163,659,747,244,44,100,512,2227,0.456,,0.796,22.2,9.9,2.9,3.3
333,Ronnie Price\pricero01,2015,2015,1,43,982,77,223,31,109,36,45,19,69,165,67,4,52,118,221,0.345,0.284,0.8,22.8,5.1,1.6,3.8
334,Laron Profit\profila01,2006,2006,1,25,279,40,84,3,18,21,24,8,43,15,11,5,24,25,104,0.476,0.167,0.875,11.2,4.2,1.7,0.6
335,Vladimir Radmanović\radmavl01,2007,2009,3,166,3240,427,967,195,488,128,165,127,512,227,99,37,189,323,1177,0.442,0.4,0.776,19.5,7.1,3.1,1.4
336,Kurt Rambis\rambiku01,1982,1995,9,569,10059,1099,1998,0,4,618,907,1038,3134,483,481,319,669,1345,2816,0.55,0,0.681,17.7,4.9,5.5,0.8
337,Julius Randle\randlju01,2015,2018,4,238,6622,1240,2515,37,144,702,979,503,2119,618,145,111,536,765,3219,0.493,0.257,0.717,27.8,13.5,8.9,2.6
338,Theo Ratliff\ratlith01,2011,2011,1,10,71,1,6,0,0,0,2,6,13,3,2,5,3,7,2,0.167,,0,7.1,0.2,1.3,0.3
339,Hub Reed\reedhu01,1964,1964,1,46,386,33,91,,,10,15,,107,23,,,,73,76,0.363,,0.667,8.4,1.7,2.3,0.5
340,J.R. Reid\reidjr01,1999,1999,1,25,473,44,108,0,1,38,53,24,99,23,15,0,23,72,126,0.407,0,0.717,18.9,5,4,0.9
341,Glen Rice\ricegl01,1999,2000,2,107,3515,592,1376,137,364,423,486,65,426,247,64,18,159,246,1744,0.43,0.376,0.87,32.9,16.3,4,2.3
342,Mitch Richmond\richmmi01,2002,2002,1,64,709,100,247,18,62,42,44,14,94,57,18,6,40,61,260,0.405,0.29,0.955,11.1,4.1,1.5,0.9
343,Isaiah Rider\rideris01,2001,2001,1,67,1206,201,472,34,92,71,83,44,156,111,27,7,98,105,507,0.426,0.37,0.855,18,7.6,2.3,1.7
344,Pat Riley\rileypa01,1971,1976,6,296,4633,980,2288,,,356,483,64,462,497,91,8,,626,2316,0.428,,0.737,15.7,7.8,1.6,1.7
345,David Rivers\riverda01,1989,1989,1,47,440,49,122,1,6,35,42,13,43,106,23,9,61,50,134,0.402,0.167,0.833,9.4,2.9,0.9,2.3
346,Rick Roberson\roberri01,1970,1971,2,139,2914,387,887,,,208,355,,976,139,,,,381,982,0.436,,0.586,21,7.1,7,1
347,Fred Roberts\roberfr01,1996,1996,1,33,317,48,97,4,14,22,28,18,47,26,16,4,24,24,122,0.495,0.286,0.786,9.6,3.7,1.4,0.8
348,Marv Roberts\roberma01,1977,1977,1,28,209,27,76,,,4,6,9,25,19,4,2,,34,58,0.355,,0.667,7.5,2.1,0.9,0.7
349,Cliff Robinson\robincl01,1992,1992,1,9,78,11,27,0,1,7,8,7,19,9,5,0,7,4,29,0.407,0,0.875,8.7,3.2,2.1,1
350,Flynn Robinson\robinfl01,1972,1973,2,70,1054,276,563,,,117,137,,122,146,,,,150,669,0.49,,0.854,15.1,9.6,1.7,2.1
351,Rumeal Robinson\robinru01,1997,1997,1,15,126,17,48,6,23,5,8,2,10,13,5,2,11,12,45,0.354,0.261,0.625,8.4,3,0.7,0.9
352,Thomas Robinson\robinth01,2017,2017,1,48,560,105,196,0,1,31,66,84,223,31,26,9,46,76,241,0.536,0,0.47,11.7,5,4.6,0.6
353,Dave Robisch\robisda01,1978,1979,2,135,1898,254,585,,,136,180,135,464,137,39,39,90,179,644,0.434,,0.756,14.1,4.8,3.4,1
354,John Roche\rochejo01,1976,1976,1,15,52,3,14,,,2,4,0,3,6,0,0,,7,8,0.214,,0.5,3.5,0.5,0.2,0.4
355,Dennis Rodman\rodmade01,1999,1999,1,23,657,16,46,0,2,17,39,62,258,30,10,12,31,71,49,0.348,0,0.436,28.6,2.1,11.2,1.3
356,Rajon Rondo\rondora01,2019,2020,2,94,2353,312,760,92,267,50,77,57,385,607,97,9,218,158,766,0.411,0.345,0.649,25,8.1,4.1,6.5
357,Sean Rooks\rooksse01,1997,1999,3,146,1475,165,365,0,3,172,257,135,353,75,21,70,91,252,502,0.452,0,0.669,10.1,3.4,2.4,0.5
358,Kareem Rush\rushka01,2003,2005,3,162,2207,290,696,69,216,49,77,49,201,130,45,32,114,187,698,0.417,0.319,0.636,13.6,4.3,1.2,0.8
359,Bryon Russell\russebr01,2004,2004,1,72,945,98,244,43,112,50,65,32,146,71,32,12,37,110,289,0.402,0.384,0.769,13.1,4,2,1
360,Cazzie Russell\russeca01,1975,1977,3,196,5263,1213,2561,,,421,480,170,592,441,166,12,,341,2847,0.474,,0.877,26.9,14.5,3,2.3
361,D'Angelo Russell\russeda01,2016,2017,2,143,4070,743,1823,265,754,287,378,78,495,569,180,29,372,272,2038,0.408,0.351,0.759,28.5,14.3,3.5,4
362,Robert Sacre\sacrero01,2013,2016,4,189,2745,318,729,0,1,151,225,212,593,126,56,110,102,336,787,0.436,0,0.671,14.5,4.2,3.1,0.7
363,John Salley\sallejo01,2000,2000,1,45,303,25,69,0,0,21,28,20,65,26,8,14,18,67,71,0.362,,0.75,6.7,1.6,1.4,0.6
364,Soumaila Samake\samakso01,2003,2003,1,13,77,10,24,0,0,2,2,10,23,4,0,5,2,13,22,0.417,,1,5.9,1.7,1.8,0.3
365,Jamal Sampson\sampsja01,2004,2004,1,10,130,11,23,0,0,7,12,23,52,7,2,4,6,16,29,0.478,,0.583,13,2.9,5.2,0.7
366,Pep Saul\saulpe01,1952,1954,3,166,4360,421,1123,,,341,463,,300,317,,,,389,1183,0.375,,0.737,26.3,7.1,2.1,1.9
367,Herm Schaefer\schaehe01,1949,1950,2,123,,336,886,,,260,314,,,388,,,,225,932,0.379,,0.828,,7.6,,3.2
368,Danny Schayes\schayda01,1994,1994,1,13,133,14,38,0,0,8,10,15,34,8,5,2,9,18,36,0.368,,0.8,10.2,2.8,2.6,0.6
369,Dick Schnittker\schnidi01,1954,1958,5,335,6744,843,2245,,,1049,1279,,1219,438,,,,932,2735,0.376,,0.82,20.1,8.2,3.6,1.3
370,Howie Schultz\schulho01,1952,1953,2,106,1775,113,405,,,133,181,,326,131,,,,270,359,0.279,,0.735,16.7,3.4,3.1,1.2
371,Byron Scott\scottby01,1984,1997,11,846,25533,5126,10461,595,1595,1933,2320,600,2534,2365,1038,232,1275,1722,12780,0.49,0.373,0.833,30.2,15.1,3,2.8
372,Charlie Scott\scottch01,1978,1978,1,48,1393,225,509,,,110,142,38,148,235,59,11,133,155,560,0.442,,0.775,29,11.7,3.1,4.9
373,Shea Seals\sealssh01,1998,1998,1,4,9,1,8,0,3,2,4,3,4,0,1,0,0,1,4,0.125,0,0.5,2.3,1,1,0
374,Frank Selvy\selvyfr01,1958,1964,6,364,9936,1418,3480,,,920,1263,,1301,1157,,,,812,3756,0.407,,0.728,27.3,10.3,3.6,3.2
375,Ramon Sessions\sessira01,2012,2012,1,23,701,101,211,17,35,72,101,14,87,142,17,2,59,37,291,0.479,0.486,0.713,30.5,12.7,3.8,6.2
376,Chuck Share\sharech01,1960,1960,1,3,,,,,,,,,,,,,,,,,,,,,,
377,Brian Shaw\shawbr01,2000,2003,4,284,4613,449,1167,127,390,120,159,132,751,651,141,57,258,369,1145,0.385,0.326,0.755,16.2,4,2.6,2.3
378,Bob Sims\simsbo01,1962,1962,1,19,171,22,59,,,19,39,,27,12,,,,40,63,0.373,,0.487,9,3.3,1.4,0.6
379,Whitey Skoog\skoogwh01,1952,1957,6,341,9193,1164,3000,,,472,591,,1133,903,,,,1027,2800,0.388,,0.799,27,8.2,3.3,2.6
380,Bobby Smith\smithbo01,1960,1962,2,13,137,13,55,,,11,16,,33,14,,,,11,37,0.236,,0.688,10.5,2.8,2.5,1.1
381,Don Smith\smithdo01,1949,1949,1,8,,2,13,,,2,3,,,2,,,,6,6,0.154,,0.667,,0.8,,0.3
382,Elmore Smith\smithel01,1974,1975,2,155,5263,780,1651,,,259,480,414,1716,295,155,609,,564,1819,0.472,,0.54,34,11.7,11.1,1.9
383,Joe Smith\smithjo02,2011,2011,1,12,44,2,12,0,0,2,2,2,18,3,0,4,3,10,6,0.167,,1,3.7,0.5,1.5,0.3
384,Tony Smith\smithto02,1991,1995,5,316,4908,747,1704,50,170,280,396,250,536,557,222,48,285,482,1824,0.438,0.294,0.707,15.5,5.8,1.7,1.8
385,Mike Smrek\smrekmi01,1987,1988,2,83,654,74,163,0,0,60,91,40,122,13,11,55,49,175,208,0.454,,0.659,7.9,2.5,1.5,0.2
386,Ron Sobie\sobiero01,1960,1960,1,1,13,1,4,,,0,1,,2,2,,,,4,2,0.25,,0,13,2,2,2
387,Rory Sparrow\sparrro01,1992,1992,1,42,471,57,143,2,13,8,13,3,27,79,12,5,31,55,124,0.399,0.154,0.615,11.2,3,0.6,1.9
388,Art Spoelstra\spoelar01,1958,1958,1,50,1098,141,353,,,100,150,,281,51,,,,183,382,0.399,,0.667,22,7.6,5.6,1
389,Larry Spriggs\sprigla01,1984,1986,3,156,2126,326,628,0,6,186,245,121,369,211,77,26,203,328,838,0.519,0,0.759,13.6,5.4,2.4,1.4
390,Lance Stephenson\stephla01,2019,2019,1,68,1123,184,432,73,197,50,73,32,215,140,41,7,86,111,491,0.426,0.371,0.685,16.5,7.2,3.2,2.1
391,Derek Strong\stronde01,1996,1996,1,63,746,72,169,1,9,69,85,60,178,32,18,12,20,80,214,0.426,0.111,0.812,11.8,3.4,2.8,0.5
392,Gene Stump\stumpge01,1950,1950,1,23,,27,95,,,7,14,,,23,,,,32,61,0.284,,0.5,,2.7,,1
393,Don Sunderlage\sundedo01,1955,1955,1,45,404,33,133,,,48,73,,56,37,,,,57,114,0.248,,0.658,9,2.5,1.2,0.8
394,Earl Tatum\tatumea01,1977,1978,2,93,1912,436,921,,,117,159,106,326,188,122,32,53,253,989,0.473,,0.736,20.6,10.6,3.5,2
395,Terry Teagle\teaglte01,1991,1992,2,164,3100,699,1562,1,13,296,374,173,364,195,97,17,197,313,1695,0.448,0.077,0.791,18.9,10.3,2.2,1.2
396,Irving Thomas\thomair01,1991,1991,1,26,108,17,50,0,0,12,21,14,31,10,4,1,13,24,46,0.34,,0.571,4.2,1.8,1.2,0.4
397,Isaiah Thomas\thomais02,2018,2018,1,17,456,87,227,33,101,58,63,10,36,85,6,1,54,33,265,0.383,0.327,0.921,26.8,15.6,2.1,5
398,Billy Thompson\thompbi01,1987,1988,2,68,800,145,274,0,1,56,84,71,180,61,16,30,67,159,346,0.529,0,0.667,11.8,5.1,2.6,0.9
399,Mychal Thompson\thompmy01,1987,1991,5,335,7641,1184,2302,0,7,622,915,649,1797,206,166,264,393,879,2990,0.514,0,0.68,22.8,8.9,5.4,0.6
400,Sedale Threatt\threase01,1992,1996,5,386,11312,1900,3884,135,412,659,795,159,898,2018,542,69,605,982,4594,0.489,0.328,0.829,29.3,11.9,2.3,5.2
401,Jack Tingle\tinglja01,1949,1949,1,2,,1,6,,,0,0,,,1,,,,2,2,0.167,,,,1,,0.5
402,Ray Tolbert\tolbera01,1988,1988,1,14,82,16,28,0,0,10,13,9,20,5,3,3,11,14,42,0.571,,0.769,5.9,3,1.4,0.4
403,John Trapp\trappjo01,1972,1973,2,63,794,142,326,,,58,83,,194,44,,,,140,342,0.436,,0.699,12.6,5.4,3.1,0.7
404,John Tresvant\tresvjo01,1970,1971,2,28,287,65,123,,,30,45,,86,27,,,,51,160,0.528,,0.667,10.3,5.7,3.1,1
405,Ronny Turiaf\turiaro01,2006,2008,3,173,2706,350,695,0,2,244,347,194,602,199,48,196,131,431,944,0.504,0,0.703,15.6,5.5,3.5,1.2
406,Bill Turner\turnebi01,1973,1973,1,19,117,17,52,,,4,7,,25,11,,,,13,38,0.327,,0.571,6.2,2,1.3,0.6
407,Ime Udoka\udokaim01,2004,2004,1,4,28,3,9,0,1,2,4,1,5,2,2,1,3,3,8,0.333,0,0.5,7,2,1.3,0.5
408,Nick Van Exel\vanexni01,1994,1998,5,378,13147,2017,4924,750,2062,849,1068,178,1062,2749,391,40,837,656,5633,0.41,0.364,0.795,34.8,14.9,2.8,7.3
409,Jay Vincent\vinceja01,1990,1990,1,24,200,41,78,0,1,8,12,7,26,10,8,3,19,29,90,0.526,0,0.667,8.3,3.8,1.1,0.4
410,Sasha Vujačić\vujacsa01,2005,2011,7,420,5988,694,1767,363,977,282,322,138,700,485,235,22,204,629,2033,0.393,0.372,0.876,14.3,4.8,1.7,1.2
411,Von Wafer\wafervo01,2006,2006,1,16,73,6,38,2,17,6,8,5,8,4,3,0,1,12,20,0.158,0.118,0.75,4.6,1.3,0.5,0.3
412,Milt Wagner\wagnemi01,1988,1988,1,40,380,62,147,2,10,26,29,4,28,61,6,4,22,42,152,0.422,0.2,0.897,9.5,3.8,0.7,1.5
413,Moritz Wagner\wagnemo01,2019,2019,1,43,446,71,171,22,77,43,53,17,85,24,11,13,39,57,207,0.415,0.286,0.811,10.4,4.8,2,0.6
414,Samaki Walker\walkesa01,2002,2003,2,136,2898,302,639,0,1,152,230,244,849,128,48,143,109,313,756,0.473,0,0.661,21.3,5.6,6.2,0.9
415,Paul Walther\walthpa01,1950,1950,1,22,,32,80,,,11,21,,,10,,,,39,75,0.4,,0.524,,3.4,,0.5
416,Luke Walton\waltolu01,2004,2012,9,493,8529,961,2217,155,475,357,493,436,1408,1121,268,88,512,680,2434,0.433,0.326,0.724,17.3,4.9,2.9,2.3
417,Cornell Warner\warneco01,1976,1977,2,95,2682,276,577,,,93,134,244,791,117,56,48,,311,645,0.478,,0.694,28.2,6.8,8.3,1.2
418,Kermit Washington\washike01,1974,1978,5,214,3934,500,1072,,,343,534,511,1433,183,119,152,53,565,1343,0.466,,0.642,18.4,6.3,6.7,0.9
419,Bobby Watson\watsobo01,1955,1955,1,,,,,,,,,,,,,,,,,,,,,,,
420,Travis Wear\weartr01,2018,2018,1,17,228,25,72,17,47,8,8,0,38,7,4,5,6,30,75,0.347,0.362,1,13.4,4.4,2.2,0.4
421,Walt Wesley\weslewa01,1976,1976,1,1,7,1,2,,,2,4,0,1,1,0,0,,2,4,0.5,,0.5,7,4,1,1
422,Jerry West\westje01,1961,1974,14,932,36571,9016,19032,,,7160,8801,30,5366,6238,81,23,,2435,25192,0.474,,0.814,39.2,27,5.8,6.7
423,John Wetzel\wetzejo01,1968,1968,1,38,434,52,119,,,35,46,,84,51,,,,55,139,0.437,,0.761,11.4,3.7,2.2,1.3
424,Gene Wiley\wileyge01,1963,1966,4,300,6386,553,1174,,,167,330,,2194,252,,,,811,1273,0.471,,0.506,21.3,4.2,7.3,0.8
425,Jamaal Wilkes\wilkeja01,1978,1985,8,575,19270,4533,8790,6,49,1529,2029,1063,3119,1474,706,191,1195,1611,10601,0.516,0.122,0.754,33.5,18.4,5.4,2.6
426,Bob Williams\willibo01,1956,1957,2,24,193,22,50,,,26,48,,59,7,,,,38,70,0.44,,0.542,8,2.9,2.5,0.3
427,Derrick Williams\willide02,2018,2018,1,2,9,1,4,0,2,0,0,0,1,0,0,0,0,0,2,0.25,0,,4.5,1,0.5,0
428,Johnathan Williams\willijo04,2019,2019,1,24,372,65,110,0,2,27,48,48,99,13,8,7,16,62,157,0.591,0,0.563,15.5,6.5,4.1,0.5
429,Lou Williams\willilo02,2016,2017,2,125,3310,609,1427,232,637,656,768,45,301,350,127,30,227,174,2106,0.427,0.364,0.854,26.5,16.8,2.4,2.8
430,Ron Williams\williro01,1976,1976,1,9,158,17,43,,,10,13,2,19,21,3,0,,15,44,0.395,,0.769,17.6,4.9,2.1,2.3
431,Shammond Williams\willish01,2007,2007,1,30,345,35,86,20,50,4,6,11,40,31,12,0,13,20,94,0.407,0.4,0.667,11.5,3.1,1.3,1
432,Shawne Williams\willish03,2014,2014,1,36,751,73,192,42,129,14,20,25,167,30,19,30,21,93,202,0.38,0.326,0.7,20.9,5.6,4.6,0.8
433,Trevor Wilson\wilsotr01,1994,1994,1,5,126,19,39,0,0,13,25,12,28,12,5,1,6,17,51,0.487,,0.52,25.2,10.2,5.6,2.4
434,Brian Winters\wintebr01,1975,1975,1,68,1516,359,810,,,76,92,39,138,195,74,18,,168,794,0.443,,0.826,22.3,11.7,2,2.9
435,Orlando Woolridge\woolror01,1989,1990,2,136,2912,537,1044,0,6,429,583,130,455,154,69,111,176,290,1503,0.514,0,0.736,21.4,11.1,3.3,1.1
436,Metta World Peace\artesro01,2010,2017,6,358,10015,1156,2932,420,1252,465,679,395,1297,699,453,139,400,766,3197,0.394,0.335,0.685,28,8.9,3.6,2
437,James Worthy\worthja01,1983,1994,12,926,30001,6878,13204,117,486,2447,3184,1561,4708,2791,1041,624,1859,1975,16320,0.521,0.241,0.769,32.4,17.6,5.1,3
438,Wayne Yates\yateswa01,1962,1962,1,37,263,31,105,,,10,22,,94,16,,,,72,72,0.295,,0.455,7.1,1.9,2.5,0.4
439,Nick Young\youngni01,2014,2017,4,220,5399,959,2370,465,1233,507,599,85,497,228,129,44,205,426,2890,0.405,0.377,0.846,24.5,13.1,2.3,1
440,Sun Yue\yuesu01,2009,2009,1,10,28,3,11,0,6,0,0,0,0,2,1,1,3,10,6,0.273,0,,2.8,0.6,0,0.2
441,Ivica Zubac\zubaciv01,2017,2019,3,114,1535,299,553,0,4,128,166,140,444,80,26,75,89,186,726,0.541,0,0.771,13.5,6.4,3.9,0.7